barcode,name,short_name,categories,images
1,0_2_001,0_2_001,"1,3",1
2,0_2_002,0_2_002,1,2
3,0_2_003,0_2_003,1,3
4,0_2_004,0_2_004,1,4
5,0_2_005,0_2_005,1,5
6,0_2_006,0_2_006,1,6
7,0_2_007,0_2_007,1,7
8,0_2_008,0_2_008,1,8
9,0_2_009,0_2_009,1,9
10,0_2_010,0_2_010,1,10
11,0_2_011,0_2_011,1,11
12,0_2_012,0_2_012,1,12
13,0_2_013,0_2_013,1,13
14,0_2_014,0_2_014,1,14
15,0_2_015,0_2_015,1,15
16,0_2_016,0_2_016,1,16
17,0_2_017,0_2_017,1,17
18,0_2_018,0_2_018,1,18
19,0_2_019,0_2_019,1,19
20,0_2_020,0_2_020,1,20
21,0_2_021,0_2_021,1,21
22,0_2_022,0_2_022,1,22
23,0_2_023,0_2_023,1,23
24,0_2_024,0_2_024,1,24
25,0_2_025,0_2_025,1,25
26,0_2_026,0_2_026,1,26
27,0_2_027,0_2_027,1,27
28,0_2_028,0_2_028,1,28
29,1_2_001,1_2_001,1,29
30,1_2_002,1_2_002,1,30
31,1_2_003,1_2_003,1,31
32,1_2_004,1_2_004,1,32
33,1_2_005,1_2_005,1,33
34,1_2_006,1_2_006,1,34
35,1_2_007,1_2_007,1,35
36,1_2_008,1_2_008,1,36
37,1_2_009,1_2_009,1,37
38,1_2_010,1_2_010,1,38
39,1_2_011,1_2_011,1,39
40,1_2_012,1_2_012,1,40
41,1_2_013,1_2_013,1,41
42,1_2_014,1_2_014,1,42
43,1_2_015,1_2_015,1,43
44,1_2_016,1_2_016,1,44
45,1_2_017,1_2_017,1,45
46,1_2_018,1_2_018,1,46
47,1_2_019,1_2_019,1,47
48,1_2_020,1_2_020,1,48
49,1_2_021,1_2_021,1,49
50,1_2_022,1_2_022,1,50
51,1_2_023,1_2_023,1,51
52,1_2_024,1_2_024,1,52
53,1_2_025,1_2_025,1,53
54,1_2_026,1_2_026,1,54
55,1_2_027,1_2_027,1,55
56,1_2_028,1_2_028,1,56
57,1_2_029,1_2_029,1,57
58,1_2_030,1_2_030,1,58
59,1_2_031,1_2_031,1,59
60,1_2_032,1_2_032,1,60
61,1_2_033,1_2_033,1,61
62,1_2_034,1_2_034,1,62
63,1_2_035,1_2_035,1,63
64,1_2_036,1_2_036,1,64
65,1_2_037,1_2_037,1,65
66,1_2_038,1_2_038,1,66
67,1_2_039,1_2_039,1,67
68,1_2_040,1_2_040,1,68
69,1_2_041,1_2_041,1,69
70,1_2_042,1_2_042,1,70
71,1_2_043,1_2_043,1,71
72,1_2_044,1_2_044,1,72
73,1_2_045,1_2_045,1,73
74,1_2_046,1_2_046,1,74
75,1_2_047,1_2_047,1,75
76,1_2_048,1_2_048,1,76
77,1_2_049,1_2_049,1,77
78,1_2_050,1_2_050,1,78
79,1_2_051,1_2_051,1,79
80,1_2_052,1_2_052,1,80
81,1_2_053,1_2_053,1,81
82,1_2_054,1_2_054,1,82
83,1_2_055,1_2_055,1,83
84,2_2_001,2_2_001,1,84
85,2_2_002,2_2_002,1,85
86,2_2_003,2_2_003,1,86
87,2_2_004,2_2_004,1,87
88,2_2_005,2_2_005,1,88
89,2_2_006,2_2_006,1,89
90,2_2_007,2_2_007,1,90
91,2_2_008,2_2_008,1,91
92,2_2_009,2_2_009,1,92
93,2_2_010,2_2_010,1,93
94,2_2_011,2_2_011,1,94
95,2_2_012,2_2_012,1,95
96,2_2_013,2_2_013,1,96
97,2_2_014,2_2_014,1,97
98,2_2_015,2_2_015,1,98
99,2_2_016,2_2_016,1,99
100,2_2_017,2_2_017,1,100
101,2_2_018,2_2_018,1,101
102,2_2_019,2_2_019,1,102
103,2_2_020,2_2_020,1,103
104,2_2_021,2_2_021,1,104
105,2_2_022,2_2_022,1,105
106,2_2_023,2_2_023,1,106
107,2_2_024,2_2_024,1,107
108,2_2_025,2_2_025,1,108
109,2_2_026,2_2_026,1,109
110,2_2_027,2_2_027,1,110
111,2_2_028,2_2_028,1,111
112,2_2_029,2_2_029,1,112
113,2_2_030,2_2_030,1,113
114,2_2_031,2_2_031,1,114
115,2_2_032,2_2_032,1,115
116,2_2_033,2_2_033,1,116
117,2_2_034,2_2_034,1,117
118,2_2_035,2_2_035,1,118
119,2_2_036,2_2_036,1,119
120,2_2_037,2_2_037,1,120
121,2_2_038,2_2_038,1,121
122,2_2_039,2_2_039,1,122
123,2_2_040,2_2_040,1,123
124,2_2_041,2_2_041,1,124
125,2_2_042,2_2_042,1,125
126,2_2_043,2_2_043,1,126
127,2_2_044,2_2_044,1,127
128,2_2_045,2_2_045,1,128
129,2_2_046,2_2_046,1,129
130,2_2_047,2_2_047,1,130
131,2_2_048,2_2_048,1,131
132,2_2_049,2_2_049,1,132
133,2_2_050,2_2_050,1,133
134,2_2_051,2_2_051,1,134
135,2_2_052,2_2_052,1,135
136,2_2_053,2_2_053,1,136
137,2_2_054,2_2_054,1,137
138,2_2_055,2_2_055,1,138
139,2_2_056,2_2_056,1,139
140,2_2_057,2_2_057,1,140
141,2_2_058,2_2_058,1,141
142,2_2_059,2_2_059,1,142
143,2_2_060,2_2_060,1,143
144,2_2_061,2_2_061,1,144
145,2_2_062,2_2_062,1,145
146,2_2_063,2_2_063,1,146
147,2_2_064,2_2_064,1,147
148,2_2_065,2_2_065,1,148
149,2_2_066,2_2_066,1,149
150,2_2_067,2_2_067,1,150
151,2_2_068,2_2_068,1,151
152,3_2_001,3_2_001,1,152
153,3_2_002,3_2_002,1,153
154,3_2_003,3_2_003,1,154
155,3_2_004,3_2_004,1,155
156,3_2_005,3_2_005,1,156
157,3_2_006,3_2_006,1,157
158,3_2_007,3_2_007,1,158
159,3_2_008,3_2_008,1,159
160,3_2_009,3_2_009,1,160
161,3_2_010,3_2_010,1,161
162,3_2_011,3_2_011,1,162
163,3_2_012,3_2_012,1,163
164,3_2_013,3_2_013,1,164
165,3_2_014,3_2_014,1,165
166,3_2_015,3_2_015,1,166
167,3_2_016,3_2_016,1,167
168,3_2_017,3_2_017,1,168
169,3_2_018,3_2_018,1,169
170,3_2_019,3_2_019,1,170
171,3_2_020,3_2_020,1,171
172,3_2_021,3_2_021,1,172
173,3_2_022,3_2_022,1,173
174,3_2_023,3_2_023,1,174
175,3_2_024,3_2_024,1,175
176,3_2_025,3_2_025,1,176
177,3_2_026,3_2_026,1,177
178,3_2_027,3_2_027,1,178
179,3_2_028,3_2_028,1,179
180,3_2_029,3_2_029,1,180
181,3_2_030,3_2_030,1,181
182,3_2_031,3_2_031,1,182
183,3_2_032,3_2_032,1,183
184,3_2_033,3_2_033,1,184
185,3_2_034,3_2_034,1,185
186,3_2_035,3_2_035,1,186
187,3_2_036,3_2_036,1,187
188,3_2_037,3_2_037,1,188
189,3_2_038,3_2_038,1,189
190,3_2_039,3_2_039,1,190
191,3_2_040,3_2_040,1,191
192,3_2_041,3_2_041,1,192
193,3_2_042,3_2_042,1,193
194,3_2_043,3_2_043,1,194
195,3_2_044,3_2_044,1,195
196,3_2_045,3_2_045,1,196
197,3_2_046,3_2_046,1,197
198,3_2_047,3_2_047,1,198
199,3_2_048,3_2_048,1,199
200,3_2_049,3_2_049,1,200
201,3_2_050,3_2_050,1,201
202,3_2_051,3_2_051,1,202
203,3_2_052,3_2_052,1,203
204,3_2_053,3_2_053,1,204
205,3_2_054,3_2_054,1,205
206,3_2_055,3_2_055,1,206
207,3_2_056,3_2_056,1,207
208,3_2_057,3_2_057,1,208
209,3_2_058,3_2_058,1,209
210,3_2_059,3_2_059,1,210
211,3_2_060,3_2_060,1,211
212,3_2_061,3_2_061,1,212
213,3_2_062,3_2_062,1,213
214,3_2_063,3_2_063,1,214
215,3_2_064,3_2_064,1,215
216,3_2_065,3_2_065,1,216
217,3_2_066,3_2_066,1,217
218,3_2_067,3_2_067,1,218
219,3_2_068,3_2_068,1,219
220,4_2_001,4_2_001,1,220
221,4_2_002,4_2_002,1,221
222,4_2_003,4_2_003,1,222
223,4_2_004,4_2_004,1,223
224,4_2_005,4_2_005,1,224
225,4_2_006,4_2_006,1,225
226,4_2_007,4_2_007,1,226
227,4_2_008,4_2_008,1,227
228,4_2_009,4_2_009,1,228
229,4_2_010,4_2_010,1,229
230,4_2_011,4_2_011,1,230
231,4_2_012,4_2_012,1,231
232,4_2_013,4_2_013,1,232
233,4_2_014,4_2_014,1,233
234,4_2_015,4_2_015,1,234
235,4_2_016,4_2_016,1,235
236,4_2_017,4_2_017,1,236
237,4_2_018,4_2_018,1,237
238,4_2_019,4_2_019,1,238
239,4_2_020,4_2_020,1,239
240,4_2_021,4_2_021,1,240
241,4_2_022,4_2_022,1,241
242,4_2_023,4_2_023,1,242
243,4_2_024,4_2_024,1,243
244,4_2_025,4_2_025,1,244
245,4_2_026,4_2_026,1,245
246,4_2_027,4_2_027,1,246
247,4_2_028,4_2_028,1,247
248,4_2_029,4_2_029,1,248
249,4_2_030,4_2_030,1,249
250,4_2_031,4_2_031,1,250
251,4_2_032,4_2_032,1,251
252,4_2_033,4_2_033,1,252
253,4_2_034,4_2_034,1,253
254,4_2_035,4_2_035,1,254
255,4_2_036,4_2_036,1,255
256,4_2_037,4_2_037,1,256
257,4_2_038,4_2_038,1,257
258,4_2_039,4_2_039,1,258
259,4_2_040,4_2_040,1,259
260,4_2_041,4_2_041,1,260
261,4_2_042,4_2_042,1,261
262,4_2_043,4_2_043,1,262
263,4_2_044,4_2_044,1,263
264,4_2_045,4_2_045,1,264
265,4_2_046,4_2_046,1,265
266,4_2_047,4_2_047,1,266
267,4_2_048,4_2_048,1,267
268,4_2_049,4_2_049,1,268
269,4_2_050,4_2_050,1,269
270,4_2_051,4_2_051,1,270
271,4_2_052,4_2_052,1,271
272,4_2_053,4_2_053,1,272
273,4_2_054,4_2_054,1,273
274,4_2_055,4_2_055,1,274
275,4_2_056,4_2_056,1,275
276,4_2_057,4_2_057,1,276
277,4_2_058,4_2_058,1,277
278,4_2_059,4_2_059,1,278
279,4_2_060,4_2_060,1,279
280,4_2_061,4_2_061,1,280
281,4_2_062,4_2_062,1,281
282,4_2_063,4_2_063,1,282
283,4_2_064,4_2_064,1,283
284,4_2_065,4_2_065,1,284
285,4_2_066,4_2_066,1,285
286,4_2_067,4_2_067,1,286
287,4_2_068,4_2_068,1,287
288,4_2_069,4_2_069,1,288
289,5_2_001,5_2_001,1,289
290,5_2_002,5_2_002,1,290
291,5_2_003,5_2_003,1,291
292,5_2_004,5_2_004,1,292
293,5_2_005,5_2_005,1,293
294,5_2_006,5_2_006,1,294
295,5_2_007,5_2_007,1,295
296,5_2_008,5_2_008,1,296
297,5_2_009,5_2_009,1,297
298,5_2_010,5_2_010,1,298
299,5_2_011,5_2_011,1,299
300,5_2_012,5_2_012,1,300
301,5_2_013,5_2_013,1,301
302,5_2_014,5_2_014,1,302
303,5_2_015,5_2_015,1,303
304,5_2_016,5_2_016,1,304
305,5_2_017,5_2_017,1,305
306,5_2_018,5_2_018,1,306
307,5_2_019,5_2_019,1,307
308,5_2_020,5_2_020,1,308
309,5_2_021,5_2_021,1,309
310,5_2_022,5_2_022,1,310
311,5_2_023,5_2_023,1,311
312,5_2_024,5_2_024,1,312
313,5_2_025,5_2_025,1,313
314,5_2_026,5_2_026,1,314
315,5_2_027,5_2_027,1,315
316,5_2_028,5_2_028,1,316
317,5_2_029,5_2_029,1,317
318,5_2_030,5_2_030,1,318
319,5_2_031,5_2_031,1,319
320,5_2_032,5_2_032,1,320
321,5_2_033,5_2_033,1,321
322,5_2_034,5_2_034,1,322
323,5_2_035,5_2_035,1,323
324,5_2_036,5_2_036,1,324
325,5_2_037,5_2_037,1,325
326,5_2_038,5_2_038,1,326
327,5_2_039,5_2_039,1,327
328,5_2_040,5_2_040,1,328
329,5_2_041,5_2_041,1,329
330,5_2_042,5_2_042,1,330
331,5_2_043,5_2_043,1,331
332,5_2_044,5_2_044,1,332
333,5_2_045,5_2_045,1,333
334,5_2_046,5_2_046,1,334
335,5_2_047,5_2_047,1,335
336,5_2_048,5_2_048,1,336
337,5_2_049,5_2_049,1,337
338,5_2_050,5_2_050,1,338
339,5_2_051,5_2_051,1,339
340,5_2_052,5_2_052,1,340
341,5_2_053,5_2_053,1,341
342,5_2_054,5_2_054,1,342
343,5_2_055,5_2_055,1,343
344,5_2_056,5_2_056,1,344
345,5_2_057,5_2_057,1,345
346,5_2_058,5_2_058,1,346
347,5_2_059,5_2_059,1,347
348,5_2_060,5_2_060,1,348
349,5_2_061,5_2_061,1,349
350,5_2_062,5_2_062,1,350
351,5_2_063,5_2_063,1,351
352,5_2_064,5_2_064,1,352
353,5_2_065,5_2_065,1,353
354,5_2_066,5_2_066,1,354
355,5_2_067,5_2_067,1,355
356,5_2_068,5_2_068,1,356
357,5_2_069,5_2_069,1,357
358,5_2_070,5_2_070,1,358
359,5_2_071,5_2_071,1,359
360,5_2_072,5_2_072,1,360
361,5_2_073,5_2_073,1,361
362,5_2_074,5_2_074,1,362
363,5_2_075,5_2_075,1,363
364,5_2_076,5_2_076,1,364
365,6_2_001,6_2_001,1,365
366,6_2_002,6_2_002,1,366
367,6_2_003,6_2_003,1,367
368,6_2_004,6_2_004,1,368
369,6_2_005,6_2_005,1,369
370,6_2_006,6_2_006,1,370
371,6_2_007,6_2_007,1,371
372,6_2_008,6_2_008,1,372
373,6_2_009,6_2_009,1,373
374,6_2_010,6_2_010,1,374
375,6_2_011,6_2_011,1,375
376,6_2_012,6_2_012,1,376
377,6_2_013,6_2_013,1,377
378,6_2_014,6_2_014,1,378
379,6_2_015,6_2_015,1,379
380,6_2_016,6_2_016,1,380
381,6_2_017,6_2_017,1,381
382,6_2_018,6_2_018,1,382
383,6_2_019,6_2_019,1,383
384,6_2_020,6_2_020,1,384
385,6_2_021,6_2_021,1,385
386,6_2_022,6_2_022,1,386
387,6_2_023,6_2_023,1,387
388,6_2_024,6_2_024,1,388
389,6_2_025,6_2_025,1,389
390,6_2_026,6_2_026,1,390
391,6_2_027,6_2_027,1,391
392,6_2_028,6_2_028,1,392
393,6_2_029,6_2_029,1,393
394,6_2_030,6_2_030,1,394
395,6_2_031,6_2_031,1,395
396,6_2_032,6_2_032,1,396
397,6_2_033,6_2_033,1,397
398,6_2_034,6_2_034,1,398
399,6_2_035,6_2_035,1,399
400,6_2_036,6_2_036,1,400
401,6_2_037,6_2_037,1,401
402,6_2_038,6_2_038,1,402
403,6_2_039,6_2_039,1,403
404,6_2_040,6_2_040,1,404
405,6_2_041,6_2_041,1,405
406,6_2_042,6_2_042,1,406
407,6_2_043,6_2_043,1,407
408,6_2_044,6_2_044,1,408
409,6_2_045,6_2_045,1,409
410,6_2_046,6_2_046,1,410
411,6_2_047,6_2_047,1,411
412,6_2_048,6_2_048,1,412
413,6_2_049,6_2_049,1,413
414,6_2_050,6_2_050,1,414
415,6_2_051,6_2_051,1,415
416,6_2_052,6_2_052,1,416
417,6_2_053,6_2_053,1,417
418,6_2_054,6_2_054,1,418
419,6_2_055,6_2_055,1,419
420,1_4_001,1_4_001,2,420
421,1_4_002,1_4_002,2,421
422,1_4_003,1_4_003,2,422
423,1_4_004,1_4_004,2,423
424,1_4_005,1_4_005,2,424
425,1_4_006,1_4_006,2,425
426,1_4_007,1_4_007,2,426
427,1_4_008,1_4_008,2,427
428,1_4_009,1_4_009,2,428
429,1_4_010,1_4_010,2,429
430,1_4_011,1_4_011,2,430
431,1_4_012,1_4_012,2,431
432,1_4_013,1_4_013,2,432
433,1_4_014,1_4_014,2,433
434,1_4_015,1_4_015,2,434
435,1_4_016,1_4_016,2,435
436,1_4_017,1_4_017,2,436
437,1_4_018,1_4_018,2,437
438,1_4_019,1_4_019,2,438
439,1_4_020,1_4_020,2,439
440,1_4_021,1_4_021,2,440
441,1_4_022,1_4_022,2,441
442,1_4_023,1_4_023,2,442
443,1_4_024,1_4_024,2,443
444,1_4_025,1_4_025,2,444
445,1_4_026,1_4_026,2,445
446,1_4_027,1_4_027,2,446
447,1_4_028,1_4_028,2,447
448,1_4_029,1_4_029,2,448
449,1_4_030,1_4_030,2,449
450,1_4_031,1_4_031,2,450
451,1_4_032,1_4_032,2,451
452,1_4_033,1_4_033,2,452
453,1_4_034,1_4_034,2,453
454,1_4_035,1_4_035,2,454
455,1_4_036,1_4_036,2,455
456,1_4_037,1_4_037,2,456
457,1_4_038,1_4_038,2,457
458,1_4_039,1_4_039,2,458
459,1_4_040,1_4_040,2,459
460,1_4_041,1_4_041,2,460
461,1_4_042,1_4_042,2,461
462,1_6_001,1_6_001,2,462
463,1_6_002,1_6_002,2,463
464,1_6_003,1_6_003,2,464
465,1_6_004,1_6_004,2,465
466,1_6_005,1_6_005,2,466
467,1_6_006,1_6_006,2,467
468,1_6_007,1_6_007,2,468
469,1_6_008,1_6_008,2,469
470,1_6_009,1_6_009,2,470
471,1_6_010,1_6_010,2,471
472,1_6_011,1_6_011,2,472
473,1_6_012,1_6_012,2,473
474,1_6_013,1_6_013,2,474
475,1_6_014,1_6_014,2,475
476,1_6_015,1_6_015,2,476
477,1_6_016,1_6_016,2,477
478,1_6_017,1_6_017,2,478
479,1_6_018,1_6_018,2,479
480,1_6_019,1_6_019,2,480
481,1_6_020,1_6_020,2,481
482,1_6_021,1_6_021,2,482
483,1_6_022,1_6_022,2,483
484,1_6_023,1_6_023,2,484
485,1_6_024,1_6_024,2,485
486,1_6_025,1_6_025,2,486
487,1_6_026,1_6_026,2,487
488,1_6_027,1_6_027,2,488
489,1_6_028,1_6_028,2,489
490,1_6_029,1_6_029,2,490
491,1_7_001,1_7_001,2,491
492,1_7_002,1_7_002,2,492
493,1_7_003,1_7_003,2,493
494,1_7_004,1_7_004,2,494
495,1_7_005,1_7_005,2,495
496,1_7_006,1_7_006,2,496
497,1_7_007,1_7_007,2,497
498,1_7_008,1_7_008,2,498
499,1_7_009,1_7_009,2,499
500,1_7_010,1_7_010,2,500
501,1_7_011,1_7_011,2,501
502,1_7_012,1_7_012,2,502
503,1_7_013,1_7_013,2,503
504,1_7_014,1_7_014,2,504
505,1_7_015,1_7_015,2,505
506,1_7_016,1_7_016,2,506
507,1_7_017,1_7_017,2,507
508,1_7_018,1_7_018,2,508
509,1_7_019,1_7_019,2,509
510,1_7_020,1_7_020,2,510
511,1_7_021,1_7_021,2,511
512,1_9_001,1_9_001,2,512
513,1_9_002,1_9_002,2,513
514,1_9_003,1_9_003,2,514
515,1_9_004,1_9_004,2,515
516,1_9_005,1_9_005,2,516
517,1_9_006,1_9_006,2,517
518,1_9_007,1_9_007,2,518
519,1_9_008,1_9_008,2,519
520,1_9_009,1_9_009,2,520
521,1_9_010,1_9_010,2,521
522,1_9_011,1_9_011,2,522
523,1_9_012,1_9_012,2,523
524,1_9_013,1_9_013,2,524
525,1_9_014,1_9_014,2,525
526,1_9_015,1_9_015,2,526
527,1_9_016,1_9_016,2,527
528,1_9_017,1_9_017,2,528
529,1_9_018,1_9_018,2,529
530,1_9_019,1_9_019,2,530
531,1_9_020,1_9_020,2,531
532,1_9_021,1_9_021,2,532
533,1_9_022,1_9_022,2,533
534,1_9_023,1_9_023,2,534
535,1_9_024,1_9_024,2,535
536,1_9_025,1_9_025,2,536
537,1_9_026,1_9_026,2,537
538,1_9_027,1_9_027,2,538
539,1_9_028,1_9_028,2,539
540,1_9_029,1_9_029,2,540
541,1_9_030,1_9_030,2,541
542,2_4_001,2_4_001,2,542
543,2_4_002,2_4_002,2,543
544,2_4_003,2_4_003,2,544
545,2_4_004,2_4_004,2,545
546,2_4_005,2_4_005,2,546
547,2_4_006,2_4_006,2,547
548,2_4_007,2_4_007,2,548
549,2_4_008,2_4_008,2,549
550,2_4_009,2_4_009,2,550
551,2_4_010,2_4_010,2,551
552,2_4_011,2_4_011,2,552
553,2_4_012,2_4_012,2,553
554,2_4_013,2_4_013,2,554
555,2_4_014,2_4_014,2,555
556,2_4_015,2_4_015,2,556
557,2_4_016,2_4_016,2,557
558,2_4_017,2_4_017,2,558
559,2_4_018,2_4_018,2,559
560,2_6_001,2_6_001,2,560
561,2_6_002,2_6_002,2,561
562,2_6_003,2_6_003,2,562
563,2_6_004,2_6_004,2,563
564,2_6_005,2_6_005,2,564
565,2_6_006,2_6_006,2,565
566,2_6_007,2_6_007,2,566
567,2_7_001,2_7_001,2,567
568,2_7_002,2_7_002,2,568
569,2_7_003,2_7_003,2,569
570,2_7_004,2_7_004,2,570
571,2_7_005,2_7_005,2,571
572,2_9_001,2_9_001,2,572
573,2_9_002,2_9_002,2,573
574,2_9_003,2_9_003,2,574
575,2_9_004,2_9_004,2,575
576,2_9_005,2_9_005,2,576
577,2_9_006,2_9_006,2,577
578,2_9_007,2_9_007,2,578
579,2_9_008,2_9_008,2,579
580,2_9_009,2_9_009,2,580
581,2_9_010,2_9_010,2,581
582,2_9_011,2_9_011,2,582
583,2_9_012,2_9_012,2,583
584,2_9_013,2_9_013,2,584
585,2_9_014,2_9_014,2,585
586,2_9_015,2_9_015,2,586
587,2_9_016,2_9_016,2,587
588,2_9_017,2_9_017,2,588
589,2_9_018,2_9_018,2,589
590,3_4_001,3_4_001,2,590
591,3_4_002,3_4_002,2,591
592,3_4_003,3_4_003,2,592
593,3_4_004,3_4_004,2,593
594,3_4_005,3_4_005,2,594
595,3_4_006,3_4_006,2,595
596,3_4_007,3_4_007,2,596
597,3_4_008,3_4_008,2,597
598,3_4_009,3_4_009,2,598
599,3_4_010,3_4_010,2,599
600,3_4_011,3_4_011,2,600
601,3_4_012,3_4_012,2,601
602,3_4_013,3_4_013,2,602
603,3_4_014,3_4_014,2,603
604,3_4_015,3_4_015,2,604
605,3_4_016,3_4_016,2,605
606,3_4_017,3_4_017,2,606
607,3_4_018,3_4_018,2,607
608,3_4_019,3_4_019,2,608
609,3_4_020,3_4_020,2,609
610,3_4_021,3_4_021,2,610
611,3_4_022,3_4_022,2,611
612,3_6_001,3_6_001,2,612
613,3_6_002,3_6_002,2,613
614,3_6_003,3_6_003,2,614
615,3_6_004,3_6_004,2,615
616,3_6_005,3_6_005,2,616
617,3_6_006,3_6_006,2,617
618,3_6_007,3_6_007,2,618
619,3_6_008,3_6_008,2,619
620,3_6_009,3_6_009,2,620
621,3_6_010,3_6_010,2,621
622,3_6_011,3_6_011,2,622
623,3_6_012,3_6_012,2,623
624,3_6_013,3_6_013,2,624
625,3_6_014,3_6_014,2,625
626,3_6_015,3_6_015,2,626
627,3_6_016,3_6_016,2,627
628,3_6_017,3_6_017,2,628
629,3_6_018,3_6_018,2,629
630,3_6_019,3_6_019,2,630
631,3_6_020,3_6_020,2,631
632,3_6_021,3_6_021,2,632
633,3_6_022,3_6_022,2,633
634,3_6_023,3_6_023,2,634
635,3_6_024,3_6_024,2,635
636,3_6_025,3_6_025,2,636
637,3_6_026,3_6_026,2,637
638,3_6_027,3_6_027,2,638
639,3_6_028,3_6_028,2,639
640,3_6_029,3_6_029,2,640
641,3_6_030,3_6_030,2,641
642,3_6_031,3_6_031,2,642
643,3_6_032,3_6_032,2,643
644,3_6_033,3_6_033,2,644
645,3_6_034,3_6_034,2,645
646,3_6_035,3_6_035,2,646
647,3_6_036,3_6_036,2,647
648,3_6_037,3_6_037,2,648
649,3_6_038,3_6_038,2,649
650,3_6_039,3_6_039,2,650
651,3_6_040,3_6_040,2,651
652,3_6_041,3_6_041,2,652
653,3_6_042,3_6_042,2,653
654,3_6_043,3_6_043,2,654
655,3_6_044,3_6_044,2,655
656,3_6_045,3_6_045,2,656
657,3_6_046,3_6_046,2,657
658,3_6_047,3_6_047,2,658
659,3_7_001,3_7_001,2,659
660,3_7_002,3_7_002,2,660
661,3_7_003,3_7_003,2,661
662,3_7_004,3_7_004,2,662
663,3_7_005,3_7_005,2,663
664,3_7_006,3_7_006,2,664
665,3_7_007,3_7_007,2,665
666,3_7_008,3_7_008,2,666
667,3_7_009,3_7_009,2,667
668,3_7_010,3_7_010,2,668
669,3_7_011,3_7_011,2,669
670,3_7_012,3_7_012,2,670
671,3_7_013,3_7_013,2,671
672,3_7_014,3_7_014,2,672
673,3_7_015,3_7_015,2,673
674,3_7_016,3_7_016,2,674
675,3_7_017,3_7_017,2,675
676,3_7_018,3_7_018,2,676
677,3_7_019,3_7_019,2,677
678,3_7_020,3_7_020,2,678
679,3_7_021,3_7_021,2,679
680,3_7_022,3_7_022,2,680
681,3_7_023,3_7_023,2,681
682,3_7_024,3_7_024,2,682
683,3_7_025,3_7_025,2,683
684,3_7_026,3_7_026,2,684
685,3_7_027,3_7_027,2,685
686,3_7_028,3_7_028,2,686
687,3_7_029,3_7_029,2,687
688,3_7_030,3_7_030,2,688
689,3_9_001,3_9_001,2,689
690,3_9_002,3_9_002,2,690
691,3_9_003,3_9_003,2,691
692,3_9_004,3_9_004,2,692
693,3_9_005,3_9_005,2,693
694,3_9_006,3_9_006,2,694
695,3_9_007,3_9_007,2,695
696,3_9_008,3_9_008,2,696
697,3_9_009,3_9_009,2,697
698,3_9_010,3_9_010,2,698
699,3_9_011,3_9_011,2,699
700,3_9_012,3_9_012,2,700
701,3_9_013,3_9_013,2,701
702,3_9_014,3_9_014,2,702
703,3_9_015,3_9_015,2,703
704,3_9_016,3_9_016,2,704
705,3_9_017,3_9_017,2,705
706,3_9_018,3_9_018,2,706
707,3_9_019,3_9_019,2,707
708,3_9_020,3_9_020,2,708
709,3_9_021,3_9_021,2,709
710,3_9_022,3_9_022,2,710
711,3_9_023,3_9_023,2,711
712,3_9_024,3_9_024,2,712
713,3_9_025,3_9_025,2,713
714,4_4_001,4_4_001,2,714
715,4_4_002,4_4_002,2,715
716,4_4_003,4_4_003,2,716
717,4_4_004,4_4_004,2,717
718,4_4_005,4_4_005,2,718
719,4_4_006,4_4_006,2,719
720,4_4_007,4_4_007,2,720
721,4_4_008,4_4_008,2,721
722,4_4_009,4_4_009,2,722
723,4_4_010,4_4_010,2,723
724,4_4_011,4_4_011,2,724
725,4_4_012,4_4_012,2,725
726,4_4_013,4_4_013,2,726
727,4_4_014,4_4_014,2,727
728,4_4_015,4_4_015,2,728
729,4_4_016,4_4_016,2,729
730,4_4_017,4_4_017,2,730
731,4_4_018,4_4_018,2,731
732,4_4_019,4_4_019,2,732
733,4_4_020,4_4_020,2,733
734,4_4_021,4_4_021,2,734
735,4_4_022,4_4_022,2,735
736,4_4_023,4_4_023,2,736
737,4_4_024,4_4_024,2,737
738,4_4_025,4_4_025,2,738
739,4_4_026,4_4_026,2,739
740,4_4_027,4_4_027,2,740
741,4_4_028,4_4_028,2,741
742,4_4_029,4_4_029,2,742
743,4_4_030,4_4_030,2,743
744,4_4_031,4_4_031,2,744
745,4_4_032,4_4_032,2,745
746,4_4_033,4_4_033,2,746
747,4_4_034,4_4_034,2,747
748,4_4_035,4_4_035,2,748
749,4_4_036,4_4_036,2,749
750,4_4_037,4_4_037,2,750
751,4_4_038,4_4_038,2,751
752,4_4_039,4_4_039,2,752
753,4_6_001,4_6_001,2,753
754,4_6_002,4_6_002,2,754
755,4_6_003,4_6_003,2,755
756,4_6_004,4_6_004,2,756
757,4_6_005,4_6_005,2,757
758,4_6_006,4_6_006,2,758
759,4_6_007,4_6_007,2,759
760,4_6_008,4_6_008,2,760
761,4_6_009,4_6_009,2,761
762,4_6_010,4_6_010,2,762
763,4_6_011,4_6_011,2,763
764,4_6_012,4_6_012,2,764
765,4_6_013,4_6_013,2,765
766,4_6_014,4_6_014,2,766
767,4_6_015,4_6_015,2,767
768,4_6_016,4_6_016,2,768
769,4_6_017,4_6_017,2,769
770,4_6_018,4_6_018,2,770
771,4_6_019,4_6_019,2,771
772,4_6_020,4_6_020,2,772
773,4_6_021,4_6_021,2,773
774,4_6_022,4_6_022,2,774
775,4_6_023,4_6_023,2,775
776,4_6_024,4_6_024,2,776
777,4_6_025,4_6_025,2,777
778,4_6_026,4_6_026,2,778
779,4_6_027,4_6_027,2,779
780,4_6_028,4_6_028,2,780
781,4_6_029,4_6_029,2,781
782,4_6_030,4_6_030,2,782
783,4_6_031,4_6_031,2,783
784,4_6_032,4_6_032,2,784
785,4_6_033,4_6_033,2,785
786,4_6_034,4_6_034,2,786
787,4_6_035,4_6_035,2,787
788,4_6_036,4_6_036,2,788
789,4_6_037,4_6_037,2,789
790,4_6_038,4_6_038,2,790
791,4_6_039,4_6_039,2,791
792,4_6_040,4_6_040,2,792
793,4_6_041,4_6_041,2,793
794,4_6_042,4_6_042,2,794
795,4_6_043,4_6_043,2,795
796,4_6_044,4_6_044,2,796
797,4_6_045,4_6_045,2,797
798,4_6_046,4_6_046,2,798
799,4_6_047,4_6_047,2,799
800,4_6_048,4_6_048,2,800
801,4_6_049,4_6_049,2,801
802,4_6_050,4_6_050,2,802
803,4_6_051,4_6_051,2,803
804,4_6_052,4_6_052,2,804
805,4_6_053,4_6_053,2,805
806,4_6_054,4_6_054,2,806
807,4_6_055,4_6_055,2,807
808,4_6_056,4_6_056,2,808
809,4_6_057,4_6_057,2,809
810,4_6_058,4_6_058,2,810
811,4_6_059,4_6_059,2,811
812,4_6_060,4_6_060,2,812
813,4_6_061,4_6_061,2,813
814,4_6_062,4_6_062,2,814
815,4_6_063,4_6_063,2,815
816,4_6_064,4_6_064,2,816
817,4_6_065,4_6_065,2,817
818,4_6_066,4_6_066,2,818
819,4_6_067,4_6_067,2,819
820,4_6_068,4_6_068,2,820
821,4_6_069,4_6_069,2,821
822,4_6_070,4_6_070,2,822
823,4_6_071,4_6_071,2,823
824,4_6_072,4_6_072,2,824
825,4_6_073,4_6_073,2,825
826,4_6_074,4_6_074,2,826
827,4_6_075,4_6_075,2,827
828,4_6_076,4_6_076,2,828
829,4_6_077,4_6_077,2,829
830,4_6_078,4_6_078,2,830
831,4_6_079,4_6_079,2,831
832,4_6_080,4_6_080,2,832
833,4_6_081,4_6_081,2,833
834,4_6_082,4_6_082,2,834
835,4_7_001,4_7_001,2,835
836,4_7_002,4_7_002,2,836
837,4_7_003,4_7_003,2,837
838,4_7_004,4_7_004,2,838
839,4_7_005,4_7_005,2,839
840,4_7_006,4_7_006,2,840
841,4_7_007,4_7_007,2,841
842,4_7_008,4_7_008,2,842
843,4_7_009,4_7_009,2,843
844,4_7_010,4_7_010,2,844
845,4_7_011,4_7_011,2,845
846,4_7_012,4_7_012,2,846
847,4_7_013,4_7_013,2,847
848,4_7_014,4_7_014,2,848
849,4_7_015,4_7_015,2,849
850,4_7_016,4_7_016,2,850
851,4_7_017,4_7_017,2,851
852,4_7_018,4_7_018,2,852
853,4_7_019,4_7_019,2,853
854,4_7_020,4_7_020,2,854
855,4_7_021,4_7_021,2,855
856,4_7_022,4_7_022,2,856
857,4_7_023,4_7_023,2,857
858,4_7_024,4_7_024,2,858
859,4_7_025,4_7_025,2,859
860,4_7_026,4_7_026,2,860
861,4_7_027,4_7_027,2,861
862,4_7_028,4_7_028,2,862
863,4_7_029,4_7_029,2,863
864,4_7_030,4_7_030,2,864
865,4_7_031,4_7_031,2,865
866,4_9_001,4_9_001,2,866
867,4_9_002,4_9_002,2,867
868,4_9_003,4_9_003,2,868
869,4_9_004,4_9_004,2,869
870,4_9_005,4_9_005,2,870
871,4_9_006,4_9_006,2,871
872,4_9_007,4_9_007,2,872
873,4_9_008,4_9_008,2,873
874,4_9_009,4_9_009,2,874
875,4_9_010,4_9_010,2,875
876,4_9_011,4_9_011,2,876
877,4_9_012,4_9_012,2,877
878,4_9_013,4_9_013,2,878
879,4_9_014,4_9_014,2,879
880,4_9_015,4_9_015,2,880
881,4_9_016,4_9_016,2,881
882,4_9_017,4_9_017,2,882
883,4_9_018,4_9_018,2,883
884,4_9_019,4_9_019,2,884
885,4_9_020,4_9_020,2,885
886,4_9_021,4_9_021,2,886
887,4_9_022,4_9_022,2,887
888,4_9_023,4_9_023,2,888
889,4_9_024,4_9_024,2,889
890,4_9_025,4_9_025,2,890
891,4_9_026,4_9_026,2,891
892,4_9_027,4_9_027,2,892
893,4_9_028,4_9_028,2,893
894,4_9_029,4_9_029,2,894
895,4_9_030,4_9_030,2,895
896,4_9_031,4_9_031,2,896
897,4_9_032,4_9_032,2,897
898,4_9_033,4_9_033,2,898
899,4_9_034,4_9_034,2,899
900,4_9_035,4_9_035,2,900
901,4_9_036,4_9_036,2,901
902,4_9_037,4_9_037,2,902
903,4_9_038,4_9_038,2,903
904,4_9_039,4_9_039,2,904
905,4_9_040,4_9_040,2,905
906,4_9_041,4_9_041,2,906
907,4_9_042,4_9_042,2,907
908,4_9_043,4_9_043,2,908
909,4_9_044,4_9_044,2,909
910,4_9_045,4_9_045,2,910
911,4_9_046,4_9_046,2,911
912,4_9_047,4_9_047,2,912
913,4_9_048,4_9_048,2,913
914,4_9_049,4_9_049,2,914
915,5_4_001,5_4_001,2,915
916,5_4_002,5_4_002,2,916
917,5_4_003,5_4_003,2,917
918,5_4_004,5_4_004,2,918
919,5_4_005,5_4_005,2,919
920,5_4_006,5_4_006,2,920
921,5_4_007,5_4_007,2,921
922,5_4_008,5_4_008,2,922
923,5_4_009,5_4_009,2,923
924,5_4_010,5_4_010,2,924
925,5_4_011,5_4_011,2,925
926,5_4_012,5_4_012,2,926
927,5_4_013,5_4_013,2,927
928,5_4_014,5_4_014,2,928
929,5_6_001,5_6_001,2,929
930,5_6_002,5_6_002,2,930
931,5_6_003,5_6_003,2,931
932,5_6_004,5_6_004,2,932
933,5_6_005,5_6_005,2,933
934,5_6_006,5_6_006,2,934
935,5_6_007,5_6_007,2,935
936,5_6_008,5_6_008,2,936
937,5_6_009,5_6_009,2,937
938,5_6_010,5_6_010,2,938
939,5_6_011,5_6_011,2,939
940,5_6_012,5_6_012,2,940
941,5_6_013,5_6_013,2,941
942,5_6_014,5_6_014,2,942
943,5_6_015,5_6_015,2,943
944,5_6_016,5_6_016,2,944
945,5_6_017,5_6_017,2,945
946,5_6_018,5_6_018,2,946
947,5_6_019,5_6_019,2,947
948,5_6_020,5_6_020,2,948
949,5_6_021,5_6_021,2,949
950,5_6_022,5_6_022,2,950
951,5_6_023,5_6_023,2,951
952,5_7_001,5_7_001,2,952
953,5_7_002,5_7_002,2,953
954,5_7_003,5_7_003,2,954
955,5_7_004,5_7_004,2,955
956,5_7_005,5_7_005,2,956
957,5_7_006,5_7_006,2,957
958,5_7_007,5_7_007,2,958
959,5_7_008,5_7_008,2,959
960,5_7_009,5_7_009,2,960
961,5_7_010,5_7_010,2,961
962,5_7_011,5_7_011,2,962
963,5_7_012,5_7_012,2,963
964,5_7_013,5_7_013,2,964
965,5_7_014,5_7_014,2,965
966,5_7_015,5_7_015,2,966
967,5_7_016,5_7_016,2,967
968,5_9_001,5_9_001,2,968
969,5_9_002,5_9_002,2,969
970,5_9_003,5_9_003,2,970
971,5_9_004,5_9_004,2,971
972,5_9_005,5_9_005,2,972
973,5_9_006,5_9_006,2,973
974,5_9_007,5_9_007,2,974
975,5_9_008,5_9_008,2,975
976,5_9_009,5_9_009,2,976
977,5_9_010,5_9_010,2,977
978,5_9_011,5_9_011,2,978
979,5_9_012,5_9_012,2,979
980,5_9_013,5_9_013,2,980
981,5_9_014,5_9_014,2,981
982,5_9_015,5_9_015,2,982
983,5_9_016,5_9_016,2,983
984,5_9_017,5_9_017,2,984
985,5_9_018,5_9_018,2,985
986,5_9_019,5_9_019,2,986
987,5_9_020,5_9_020,2,987
988,5_9_021,5_9_021,2,988
989,6_4_001,6_4_001,2,989
990,6_4_002,6_4_002,2,990
991,6_4_003,6_4_003,2,991
992,6_4_004,6_4_004,2,992
993,6_4_005,6_4_005,2,993
994,6_4_006,6_4_006,2,994
995,6_4_007,6_4_007,2,995
996,6_4_008,6_4_008,2,996
997,6_4_009,6_4_009,2,997
998,6_4_010,6_4_010,2,998
999,6_4_011,6_4_011,2,999
1000,6_4_012,6_4_012,2,1000
1001,6_4_013,6_4_013,2,1001
1002,6_4_014,6_4_014,2,1002
1003,6_4_015,6_4_015,2,1003
1004,6_6_001,6_6_001,2,1004
1005,6_6_002,6_6_002,2,1005
1006,6_6_003,6_6_003,2,1006
1007,6_6_004,6_6_004,2,1007
1008,6_6_005,6_6_005,2,1008
1009,6_6_006,6_6_006,2,1009
1010,6_6_007,6_6_007,2,1010
1011,6_6_008,6_6_008,2,1011
1012,6_7_001,6_7_001,2,1012
1013,6_7_002,6_7_002,2,1013
1014,6_7_003,6_7_003,2,1014
1015,6_7_004,6_7_004,2,1015
1016,6_7_005,6_7_005,2,1016
1017,6_7_006,6_7_006,2,1017
1018,6_7_007,6_7_007,2,1018
1019,6_7_008,6_7_008,2,1019
1020,6_7_009,6_7_009,2,1020
1021,6_7_010,6_7_010,2,1021
1022,6_7_011,6_7_011,2,1022
1023,6_7_012,6_7_012,2,1023
1024,6_7_013,6_7_013,2,1024
1025,6_7_014,6_7_014,2,1025
1026,6_7_015,6_7_015,2,1026
1027,6_7_016,6_7_016,2,1027
1028,6_7_017,6_7_017,2,1028
1029,6_7_018,6_7_018,2,1029
1030,6_9_001,6_9_001,2,1030
1031,6_9_002,6_9_002,2,1031
1032,6_9_003,6_9_003,2,1032
1033,6_9_004,6_9_004,2,1033
1034,6_9_005,6_9_005,2,1034
1035,6_9_006,6_9_006,2,1035
1036,6_9_007,6_9_007,2,1036
1037,6_9_008,6_9_008,2,1037
1038,6_9_009,6_9_009,2,1038
1039,6_9_010,6_9_010,2,1039
1040,6_9_011,6_9_011,2,1040
1041,6_9_012,6_9_012,2,1041
1042,6_9_013,6_9_013,2,1042
1043,6_9_014,6_9_014,2,1043
1044,6_9_015,6_9_015,2,1044
1045,6_9_016,6_9_016,2,1045
1046,6_9_017,6_9_017,2,1046
1047,6_9_018,6_9_018,2,1047
1048,6_9_019,6_9_019,2,1048
1049,6_9_020,6_9_020,2,1049
1050,6_9_021,6_9_021,2,1050
1051,0_1_001,0_1_001,3,1051
1052,0_1_002,0_1_002,3,1052
1053,0_1_003,0_1_003,3,1053
1054,0_1_004,0_1_004,3,1054
1055,0_1_005,0_1_005,3,1055
1056,0_1_006,0_1_006,3,1056
1057,0_1_007,0_1_007,3,1057
1058,0_1_008,0_1_008,3,1058
1059,0_1_009,0_1_009,3,1059
1060,0_1_010,0_1_010,3,1060
1061,0_1_011,0_1_011,3,1061
1062,0_1_012,0_1_012,3,1062
1063,0_1_013,0_1_013,3,1063
1064,0_1_014,0_1_014,3,1064
1065,0_1_015,0_1_015,3,1065
1066,0_1_016,0_1_016,3,1066
1067,0_1_017,0_1_017,3,1067
1068,0_1_018,0_1_018,3,1068
1069,0_1_019,0_1_019,3,1069
1070,0_1_020,0_1_020,3,1070
1071,0_1_021,0_1_021,3,1071
1072,0_1_022,0_1_022,3,1072
1073,0_1_023,0_1_023,3,1073
1074,0_1_024,0_1_024,3,1074
1075,0_1_025,0_1_025,3,1075
1076,0_1_026,0_1_026,3,1076
1077,0_1_027,0_1_027,3,1077
1078,0_1_028,0_1_028,3,1078
1079,0_1_029,0_1_029,3,1079
1080,0_1_030,0_1_030,3,1080
1081,0_1_031,0_1_031,3,1081
1082,0_1_032,0_1_032,3,1082
1083,0_1_033,0_1_033,3,1083
1084,0_1_034,0_1_034,3,1084
1085,0_1_035,0_1_035,3,1085
1086,0_1_036,0_1_036,3,1086
1087,0_1_037,0_1_037,3,1087
1088,0_1_038,0_1_038,3,1088
1089,0_1_039,0_1_039,3,1089
1090,0_1_040,0_1_040,3,1090
1091,0_1_041,0_1_041,3,1091
1092,0_1_042,0_1_042,3,1092
1093,0_1_043,0_1_043,3,1093
1094,0_1_044,0_1_044,3,1094
1095,1_1_001,1_1_001,3,1095
1096,1_1_002,1_1_002,3,1096
1097,1_1_003,1_1_003,3,1097
1098,1_1_004,1_1_004,3,1098
1099,1_1_005,1_1_005,3,1099
1100,1_1_006,1_1_006,3,1100
1101,1_1_007,1_1_007,3,1101
1102,1_1_008,1_1_008,3,1102
1103,1_1_009,1_1_009,3,1103
1104,1_1_010,1_1_010,3,1104
1105,1_1_011,1_1_011,3,1105
1106,1_1_012,1_1_012,3,1106
1107,1_1_013,1_1_013,3,1107
1108,1_1_014,1_1_014,3,1108
1109,1_1_015,1_1_015,3,1109
1110,1_1_016,1_1_016,3,1110
1111,1_1_017,1_1_017,3,1111
1112,1_1_018,1_1_018,3,1112
1113,1_1_019,1_1_019,3,1113
1114,1_1_020,1_1_020,3,1114
1115,1_1_021,1_1_021,3,1115
1116,1_1_022,1_1_022,3,1116
1117,1_1_023,1_1_023,3,1117
1118,1_1_024,1_1_024,3,1118
1119,1_1_025,1_1_025,3,1119
1120,1_1_026,1_1_026,3,1120
1121,1_1_027,1_1_027,3,1121
1122,1_1_028,1_1_028,3,1122
1123,1_1_029,1_1_029,3,1123
1124,1_1_030,1_1_030,3,1124
1125,2_1_001,2_1_001,3,1125
1126,2_1_002,2_1_002,3,1126
1127,2_1_003,2_1_003,3,1127
1128,2_1_004,2_1_004,3,1128
1129,2_1_005,2_1_005,3,1129
1130,2_1_006,2_1_006,3,1130
1131,2_1_007,2_1_007,3,1131
1132,2_1_008,2_1_008,3,1132
1133,2_1_009,2_1_009,3,1133
1134,2_1_010,2_1_010,3,1134
1135,2_1_011,2_1_011,3,1135
1136,2_1_012,2_1_012,3,1136
1137,2_1_013,2_1_013,3,1137
1138,2_1_014,2_1_014,3,1138
1139,2_1_015,2_1_015,3,1139
1140,2_1_016,2_1_016,3,1140
1141,2_1_017,2_1_017,3,1141
1142,2_1_018,2_1_018,3,1142
1143,2_1_019,2_1_019,3,1143
1144,2_1_020,2_1_020,3,1144
1145,2_1_021,2_1_021,3,1145
1146,2_1_022,2_1_022,3,1146
1147,2_1_023,2_1_023,3,1147
1148,2_1_024,2_1_024,3,1148
1149,2_1_025,2_1_025,3,1149
1150,2_1_026,2_1_026,3,1150
1151,2_1_027,2_1_027,3,1151
1152,2_1_028,2_1_028,3,1152
1153,2_1_029,2_1_029,3,1153
1154,2_1_030,2_1_030,3,1154
1155,2_1_031,2_1_031,3,1155
1156,2_1_032,2_1_032,3,1156
1157,2_1_033,2_1_033,3,1157
1158,2_1_034,2_1_034,3,1158
1159,2_1_035,2_1_035,3,1159
1160,2_1_036,2_1_036,3,1160
1161,2_1_037,2_1_037,3,1161
1162,2_1_038,2_1_038,3,1162
1163,3_1_001,3_1_001,3,1163
1164,3_1_002,3_1_002,3,1164
1165,3_1_003,3_1_003,3,1165
1166,3_1_004,3_1_004,3,1166
1167,3_1_005,3_1_005,3,1167
1168,3_1_006,3_1_006,3,1168
1169,3_1_007,3_1_007,3,1169
1170,3_1_008,3_1_008,3,1170
1171,3_1_009,3_1_009,3,1171
1172,3_1_010,3_1_010,3,1172
1173,3_1_011,3_1_011,3,1173
1174,4_1_001,4_1_001,3,1174
1175,4_1_002,4_1_002,3,1175
1176,4_1_003,4_1_003,3,1176
1177,4_1_004,4_1_004,3,1177
1178,4_1_005,4_1_005,3,1178
1179,4_1_006,4_1_006,3,1179
1180,4_1_007,4_1_007,3,1180
1181,4_1_008,4_1_008,3,1181
1182,4_1_009,4_1_009,3,1182
1183,4_1_010,4_1_010,3,1183
1184,4_1_011,4_1_011,3,1184
1185,4_1_012,4_1_012,3,1185
1186,4_1_013,4_1_013,3,1186
1187,4_1_014,4_1_014,3,1187
1188,4_1_015,4_1_015,3,1188
1189,4_1_016,4_1_016,3,1189
1190,4_1_017,4_1_017,3,1190
1191,4_1_018,4_1_018,3,1191
1192,4_1_019,4_1_019,3,1192
1193,4_1_020,4_1_020,3,1193
1194,4_1_021,4_1_021,3,1194
1195,4_1_022,4_1_022,3,1195
1196,4_1_023,4_1_023,3,1196
1197,4_1_024,4_1_024,3,1197
1198,4_1_025,4_1_025,3,1198
1199,4_1_026,4_1_026,3,1199
1200,4_1_027,4_1_027,3,1200
1201,4_1_028,4_1_028,3,1201
1202,4_1_029,4_1_029,3,1202
1203,4_1_030,4_1_030,3,1203
1204,4_1_031,4_1_031,3,1204
1205,4_1_032,4_1_032,3,1205
1206,4_1_033,4_1_033,3,1206
1207,4_1_034,4_1_034,3,1207
1208,4_1_035,4_1_035,3,1208
1209,4_1_036,4_1_036,3,1209
1210,4_1_037,4_1_037,3,1210
1211,4_1_038,4_1_038,3,1211
1212,4_1_039,4_1_039,3,1212
1213,4_1_040,4_1_040,3,1213
1214,4_1_041,4_1_041,3,1214
1215,4_1_042,4_1_042,3,1215
1216,4_1_043,4_1_043,3,1216
1217,4_1_044,4_1_044,3,1217
1218,4_1_045,4_1_045,3,1218
1219,4_1_046,4_1_046,3,1219
1220,4_1_047,4_1_047,3,1220
1221,4_1_048,4_1_048,3,1221
1222,4_1_049,4_1_049,3,1222
1223,4_1_050,4_1_050,3,1223
1224,4_1_051,4_1_051,3,1224
1225,4_1_052,4_1_052,3,1225
1226,4_1_053,4_1_053,3,1226
1227,4_1_054,4_1_054,3,1227
1228,4_1_055,4_1_055,3,1228
1229,4_1_056,4_1_056,3,1229
1230,6_1_001,6_1_001,3,1230
1231,6_1_002,6_1_002,3,1231
1232,6_1_003,6_1_003,3,1232
1233,6_1_004,6_1_004,3,1233
1234,6_1_005,6_1_005,3,1234
1235,6_1_006,6_1_006,3,1235
1236,6_1_007,6_1_007,3,1236
1237,6_1_008,6_1_008,3,1237
1238,6_1_009,6_1_009,3,1238
1239,6_1_010,6_1_010,3,1239
1240,6_1_011,6_1_011,3,1240
1241,6_1_012,6_1_012,3,1241
1242,6_1_013,6_1_013,3,1242
1243,6_1_014,6_1_014,3,1243
1244,6_1_015,6_1_015,3,1244
1245,6_1_016,6_1_016,3,1245
1246,6_1_017,6_1_017,3,1246
1247,6_1_018,6_1_018,3,1247
1248,6_1_019,6_1_019,3,1248
1249,6_1_020,6_1_020,3,1249
1250,6_1_021,6_1_021,3,1250
1251,6_1_022,6_1_022,3,1251
1252,6_1_023,6_1_023,3,1252
1253,6_1_024,6_1_024,3,1253
1254,6_1_025,6_1_025,3,1254
1255,6_1_026,6_1_026,3,1255
1256,6_1_027,6_1_027,3,1256
1257,6_1_028,6_1_028,3,1257
1258,6_1_029,6_1_029,3,1258
1259,6_1_030,6_1_030,3,1259
1260,6_1_031,6_1_031,3,1260
1261,6_1_032,6_1_032,3,1261
1262,6_1_033,6_1_033,3,1262
1263,6_1_034,6_1_034,3,1263
1264,6_1_035,6_1_035,3,1264
1265,6_1_036,6_1_036,3,1265
1266,6_1_037,6_1_037,3,1266
1267,6_1_038,6_1_038,3,1267
1268,6_1_039,6_1_039,3,1268
1269,6_1_040,6_1_040,3,1269
1270,6_1_041,6_1_041,3,1270
1271,6_1_042,6_1_042,3,1271
1272,6_1_043,6_1_043,3,1272
1273,6_1_044,6_1_044,3,1273
1274,6_1_045,6_1_045,3,1274
1275,6_1_046,6_1_046,3,1275
1276,6_1_047,6_1_047,3,1276
1277,6_1_048,6_1_048,3,1277
1278,6_1_049,6_1_049,3,1278
1279,0_3_001,0_3_001,4,1279
1280,0_3_002,0_3_002,4,1280
1281,0_3_003,0_3_003,4,1281
1282,0_3_004,0_3_004,4,1282
1283,0_3_005,0_3_005,4,1283
1284,0_3_006,0_3_006,4,1284
1285,0_3_007,0_3_007,4,1285
1286,0_3_008,0_3_008,4,1286
1287,0_3_009,0_3_009,4,1287
1288,0_3_010,0_3_010,4,1288
1289,0_3_011,0_3_011,4,1289
1290,0_3_012,0_3_012,4,1290
1291,0_3_013,0_3_013,4,1291
1292,0_3_014,0_3_014,4,1292
1293,0_3_015,0_3_015,4,1293
1294,0_3_016,0_3_016,4,1294
1295,0_3_017,0_3_017,4,1295
1296,0_3_018,0_3_018,4,1296
1297,0_3_019,0_3_019,4,1297
1298,0_3_020,0_3_020,4,1298
1299,0_3_021,0_3_021,4,1299
1300,0_3_022,0_3_022,4,1300
1301,0_3_023,0_3_023,4,1301
1302,0_3_024,0_3_024,4,1302
1303,0_3_025,0_3_025,4,1303
1304,0_3_026,0_3_026,4,1304
1305,0_3_027,0_3_027,4,1305
1306,0_3_028,0_3_028,4,1306
1307,0_3_029,0_3_029,4,1307
1308,0_3_030,0_3_030,4,1308
1309,0_3_031,0_3_031,4,1309
1310,0_3_032,0_3_032,4,1310
1311,0_3_033,0_3_033,4,1311
1312,0_3_034,0_3_034,4,1312
1313,0_3_035,0_3_035,4,1313
1314,0_3_036,0_3_036,4,1314
1315,0_3_037,0_3_037,4,1315
1316,0_3_038,0_3_038,4,1316
1317,1_3_001,1_3_001,4,1317
1318,1_3_002,1_3_002,4,1318
1319,1_3_003,1_3_003,4,1319
1320,1_3_004,1_3_004,4,1320
1321,1_3_005,1_3_005,4,1321
1322,1_3_006,1_3_006,4,1322
1323,1_3_007,1_3_007,4,1323
1324,1_3_008,1_3_008,4,1324
1325,1_3_009,1_3_009,4,1325
1326,1_3_010,1_3_010,4,1326
1327,1_3_011,1_3_011,4,1327
1328,1_3_012,1_3_012,4,1328
1329,1_3_013,1_3_013,4,1329
1330,1_3_014,1_3_014,4,1330
1331,1_3_015,1_3_015,4,1331
1332,1_3_016,1_3_016,4,1332
1333,1_3_017,1_3_017,4,1333
1334,2_3_001,2_3_001,4,1334
1335,2_3_002,2_3_002,4,1335
1336,2_3_003,2_3_003,4,1336
1337,2_3_004,2_3_004,4,1337
1338,2_3_005,2_3_005,4,1338
1339,2_3_006,2_3_006,4,1339
1340,2_3_007,2_3_007,4,1340
1341,2_3_008,2_3_008,4,1341
1342,2_3_009,2_3_009,4,1342
1343,2_3_010,2_3_010,4,1343
1344,2_3_011,2_3_011,4,1344
1345,2_3_012,2_3_012,4,1345
1346,2_3_013,2_3_013,4,1346
1347,2_3_014,2_3_014,4,1347
1348,3_3_001,3_3_001,4,1348
1349,3_3_002,3_3_002,4,1349
1350,3_3_003,3_3_003,4,1350
1351,3_3_004,3_3_004,4,1351
1352,3_3_005,3_3_005,4,1352
1353,3_3_006,3_3_006,4,1353
1354,3_3_007,3_3_007,4,1354
1355,3_3_008,3_3_008,4,1355
1356,3_3_009,3_3_009,4,1356
1357,4_3_001,4_3_001,4,1357
1358,4_3_002,4_3_002,4,1358
1359,4_3_003,4_3_003,4,1359
1360,4_3_004,4_3_004,4,1360
1361,4_3_005,4_3_005,4,1361
1362,4_3_006,4_3_006,4,1362
1363,4_3_007,4_3_007,4,1363
1364,4_3_008,4_3_008,4,1364
1365,4_3_009,4_3_009,4,1365
1366,4_3_010,4_3_010,4,1366
1367,4_3_011,4_3_011,4,1367
1368,4_3_012,4_3_012,4,1368
1369,4_3_013,4_3_013,4,1369
1370,4_3_014,4_3_014,4,1370
1371,4_3_015,4_3_015,4,1371
1372,4_3_016,4_3_016,4,1372
1373,4_3_017,4_3_017,4,1373
1374,4_3_018,4_3_018,4,1374
1375,4_3_019,4_3_019,4,1375
1376,4_3_020,4_3_020,4,1376
1377,4_3_021,4_3_021,4,1377
1378,4_3_022,4_3_022,4,1378
1379,4_3_023,4_3_023,4,1379
1380,4_3_024,4_3_024,4,1380
1381,4_3_025,4_3_025,4,1381
1382,4_3_026,4_3_026,4,1382
1383,4_3_027,4_3_027,4,1383
1384,4_3_028,4_3_028,4,1384
1385,4_3_029,4_3_029,4,1385
1386,4_3_030,4_3_030,4,1386
1387,4_3_031,4_3_031,4,1387
1388,6_3_001,6_3_001,4,1388
1389,6_3_002,6_3_002,4,1389
1390,6_3_003,6_3_003,4,1390
1391,6_3_004,6_3_004,4,1391
1392,6_3_005,6_3_005,4,1392
1393,6_3_006,6_3_006,4,1393
1394,6_3_007,6_3_007,4,1394
1395,6_3_008,6_3_008,4,1395
1396,6_3_009,6_3_009,4,1396
1397,6_3_010,6_3_010,4,1397
1398,6_3_011,6_3_011,4,1398
1399,6_3_012,6_3_012,4,1399
1400,6_3_013,6_3_013,4,1400
1401,6_3_014,6_3_014,4,1401
1402,6_3_015,6_3_015,4,1402
1403,6_3_016,6_3_016,4,1403
1404,6_3_017,6_3_017,4,1404
1405,6_3_018,6_3_018,4,1405
1406,6_3_019,6_3_019,4,1406
1407,6_3_020,6_3_020,4,1407
1408,6_3_021,6_3_021,4,1408
1409,6_3_022,6_3_022,4,1409
1410,6_3_023,6_3_023,4,1410
1411,6_3_024,6_3_024,4,1411
1412,6_3_025,6_3_025,4,1412
1413,6_3_026,6_3_026,4,1413
1414,6_3_027,6_3_027,4,1414
1415,6_3_028,6_3_028,4,1415
1416,6_3_029,6_3_029,4,1416
1417,6_3_030,6_3_030,4,1417
1418,6_3_031,6_3_031,4,1418
1419,6_3_032,6_3_032,4,1419
1420,6_3_033,6_3_033,4,1420
1421,6_3_034,6_3_034,4,1421
1422,6_3_035,6_3_035,4,1422
1423,6_3_036,6_3_036,4,1423
1424,6_3_037,6_3_037,4,1424
1425,6_3_038,6_3_038,4,1425
1426,6_3_039,6_3_039,4,1426
1427,6_3_040,6_3_040,4,1427
1428,6_3_041,6_3_041,4,1428
1429,6_3_042,6_3_042,4,1429
1430,6_3_043,6_3_043,4,1430
1431,6_3_044,6_3_044,4,1431
1432,6_3_045,6_3_045,4,1432
1433,0_0_001,0_0_001,5,1433
1434,0_0_002,0_0_002,5,1434
1435,0_0_003,0_0_003,5,1435
1436,0_0_004,0_0_004,5,1436
1437,0_0_005,0_0_005,5,1437
1438,0_0_006,0_0_006,5,1438
1439,0_0_007,0_0_007,5,1439
1440,0_0_008,0_0_008,5,1440
1441,0_0_009,0_0_009,5,1441
1442,0_0_010,0_0_010,5,1442
1443,0_0_011,0_0_011,5,1443
1444,0_0_012,0_0_012,5,1444
1445,0_0_013,0_0_013,5,1445
1446,0_0_014,0_0_014,5,1446
1447,0_0_015,0_0_015,5,1447
1448,0_0_016,0_0_016,5,1448
1449,0_0_017,0_0_017,5,1449
1450,0_0_018,0_0_018,5,1450
1451,0_0_019,0_0_019,5,1451
1452,0_0_020,0_0_020,5,1452
1453,0_0_021,0_0_021,5,1453
1454,0_0_022,0_0_022,5,1454
1455,0_0_023,0_0_023,5,1455
1456,0_0_024,0_0_024,5,1456
1457,0_0_025,0_0_025,5,1457
1458,0_0_026,0_0_026,5,1458
1459,0_0_027,0_0_027,5,1459
1460,0_0_028,0_0_028,5,1460
1461,0_0_029,0_0_029,5,1461
1462,0_0_030,0_0_030,5,1462
1463,0_0_031,0_0_031,5,1463
1464,0_0_032,0_0_032,5,1464
1465,0_0_033,0_0_033,5,1465
1466,0_0_034,0_0_034,5,1466
1467,0_0_035,0_0_035,5,1467
1468,0_0_036,0_0_036,5,1468
1469,0_0_037,0_0_037,5,1469
1470,0_0_038,0_0_038,5,1470
1471,0_0_039,0_0_039,5,1471
1472,0_0_040,0_0_040,5,1472
1473,0_0_041,0_0_041,5,1473
1474,0_0_042,0_0_042,5,1474
1475,0_0_043,0_0_043,5,1475
1476,0_0_044,0_0_044,5,1476
1477,0_0_045,0_0_045,5,1477
1478,0_0_046,0_0_046,5,1478
1479,0_0_047,0_0_047,5,1479
1480,0_0_048,0_0_048,5,1480
1481,0_0_049,0_0_049,5,1481
1482,0_0_050,0_0_050,5,1482
1483,0_0_051,0_0_051,5,1483
1484,0_0_052,0_0_052,5,1484
1485,0_0_053,0_0_053,5,1485
1486,0_0_054,0_0_054,5,1486
1487,0_0_055,0_0_055,5,1487
1488,0_0_056,0_0_056,5,1488
1489,0_0_057,0_0_057,5,1489
1490,0_0_058,0_0_058,5,1490
1491,0_0_059,0_0_059,5,1491
1492,0_0_060,0_0_060,5,1492
1493,0_0_061,0_0_061,5,1493
1494,0_0_062,0_0_062,5,1494
1495,0_0_063,0_0_063,5,1495
1496,0_0_064,0_0_064,5,1496
1497,0_0_065,0_0_065,5,1497
1498,0_0_066,0_0_066,5,1498
1499,0_0_067,0_0_067,5,1499
1500,0_0_068,0_0_068,5,1500
1501,0_0_069,0_0_069,5,1501
1502,0_0_070,0_0_070,5,1502
1503,0_0_071,0_0_071,5,1503
1504,0_0_072,0_0_072,5,1504
1505,0_0_073,0_0_073,5,1505
1506,0_0_074,0_0_074,5,1506
1507,0_0_075,0_0_075,5,1507
1508,0_0_076,0_0_076,5,1508
1509,0_0_077,0_0_077,5,1509
1510,0_0_078,0_0_078,5,1510
1511,0_0_079,0_0_079,5,1511
1512,0_0_080,0_0_080,5,1512
1513,0_0_081,0_0_081,5,1513
1514,0_0_082,0_0_082,5,1514
1515,0_0_083,0_0_083,5,1515
1516,0_0_084,0_0_084,5,1516
1517,0_0_085,0_0_085,5,1517
1518,0_0_086,0_0_086,5,1518
1519,0_0_087,0_0_087,5,1519
1520,0_0_088,0_0_088,5,1520
1521,0_0_089,0_0_089,5,1521
1522,0_0_090,0_0_090,5,1522
1523,0_0_091,0_0_091,5,1523
1524,0_0_092,0_0_092,5,1524
1525,0_0_093,0_0_093,5,1525
1526,0_0_094,0_0_094,5,1526
1527,0_0_095,0_0_095,5,1527
1528,0_0_096,0_0_096,5,1528
1529,0_0_097,0_0_097,5,1529
1530,0_0_098,0_0_098,5,1530
1531,0_8_001,0_8_001,5,1531
1532,0_8_002,0_8_002,5,1532
1533,0_8_003,0_8_003,5,1533
1534,0_8_004,0_8_004,5,1534
1535,0_8_005,0_8_005,5,1535
1536,0_8_006,0_8_006,5,1536
1537,0_8_007,0_8_007,5,1537
1538,0_8_008,0_8_008,5,1538
1539,0_8_009,0_8_009,5,1539
1540,0_8_010,0_8_010,5,1540
1541,0_8_011,0_8_011,5,1541
1542,0_8_012,0_8_012,5,1542
1543,0_8_013,0_8_013,5,1543
1544,0_8_014,0_8_014,5,1544
1545,0_8_015,0_8_015,5,1545
1546,0_8_016,0_8_016,5,1546
1547,0_8_017,0_8_017,5,1547
1548,0_8_018,0_8_018,5,1548
1549,0_8_019,0_8_019,5,1549
1550,0_8_020,0_8_020,5,1550
1551,0_8_021,0_8_021,5,1551
1552,0_8_022,0_8_022,5,1552
1553,0_8_023,0_8_023,5,1553
1554,0_8_024,0_8_024,5,1554
1555,0_8_025,0_8_025,5,1555
1556,0_8_026,0_8_026,5,1556
1557,0_8_027,0_8_027,5,1557
1558,0_8_028,0_8_028,5,1558
1559,0_8_029,0_8_029,5,1559
1560,1_0_001,1_0_001,5,1560
1561,1_0_002,1_0_002,5,1561
1562,1_0_003,1_0_003,5,1562
1563,1_0_004,1_0_004,5,1563
1564,1_0_005,1_0_005,5,1564
1565,1_0_006,1_0_006,5,1565
1566,1_0_007,1_0_007,5,1566
1567,1_0_008,1_0_008,5,1567
1568,1_0_009,1_0_009,5,1568
1569,1_0_010,1_0_010,5,1569
1570,1_0_011,1_0_011,5,1570
1571,1_0_012,1_0_012,5,1571
1572,1_0_013,1_0_013,5,1572
1573,1_0_014,1_0_014,5,1573
1574,1_0_015,1_0_015,5,1574
1575,1_0_016,1_0_016,5,1575
1576,1_0_017,1_0_017,5,1576
1577,1_0_018,1_0_018,5,1577
1578,1_0_019,1_0_019,5,1578
1579,1_0_020,1_0_020,5,1579
1580,1_0_021,1_0_021,5,1580
1581,1_0_022,1_0_022,5,1581
1582,1_0_023,1_0_023,5,1582
1583,1_0_024,1_0_024,5,1583
1584,1_0_025,1_0_025,5,1584
1585,1_0_026,1_0_026,5,1585
1586,1_0_027,1_0_027,5,1586
1587,1_0_028,1_0_028,5,1587
1588,1_0_029,1_0_029,5,1588
1589,1_0_030,1_0_030,5,1589
1590,1_0_031,1_0_031,5,1590
1591,1_0_032,1_0_032,5,1591
1592,1_0_033,1_0_033,5,1592
1593,1_0_034,1_0_034,5,1593
1594,1_0_035,1_0_035,5,1594
1595,1_0_036,1_0_036,5,1595
1596,1_0_037,1_0_037,5,1596
1597,1_0_038,1_0_038,5,1597
1598,1_0_039,1_0_039,5,1598
1599,1_0_040,1_0_040,5,1599
1600,1_0_041,1_0_041,5,1600
1601,1_0_042,1_0_042,5,1601
1602,1_0_043,1_0_043,5,1602
1603,1_0_044,1_0_044,5,1603
1604,1_0_045,1_0_045,5,1604
1605,1_0_046,1_0_046,5,1605
1606,1_0_047,1_0_047,5,1606
1607,1_0_048,1_0_048,5,1607
1608,1_0_049,1_0_049,5,1608
1609,1_0_050,1_0_050,5,1609
1610,1_0_051,1_0_051,5,1610
1611,1_0_052,1_0_052,5,1611
1612,1_0_053,1_0_053,5,1612
1613,1_8_001,1_8_001,5,1613
1614,1_8_002,1_8_002,5,1614
1615,1_8_003,1_8_003,5,1615
1616,1_8_004,1_8_004,5,1616
1617,1_8_005,1_8_005,5,1617
1618,1_8_006,1_8_006,5,1618
1619,1_8_007,1_8_007,5,1619
1620,1_8_008,1_8_008,5,1620
1621,1_8_009,1_8_009,5,1621
1622,1_8_010,1_8_010,5,1622
1623,1_8_011,1_8_011,5,1623
1624,1_8_012,1_8_012,5,1624
1625,1_8_013,1_8_013,5,1625
1626,1_8_014,1_8_014,5,1626
1627,1_8_015,1_8_015,5,1627
1628,1_8_016,1_8_016,5,1628
1629,1_8_017,1_8_017,5,1629
1630,1_8_018,1_8_018,5,1630
1631,1_8_019,1_8_019,5,1631
1632,1_8_020,1_8_020,5,1632
1633,1_8_021,1_8_021,5,1633
1634,1_8_022,1_8_022,5,1634
1635,1_8_023,1_8_023,5,1635
1636,1_8_024,1_8_024,5,1636
1637,1_8_025,1_8_025,5,1637
1638,1_8_026,1_8_026,5,1638
1639,1_8_027,1_8_027,5,1639
1640,1_8_028,1_8_028,5,1640
1641,1_8_029,1_8_029,5,1641
1642,1_8_030,1_8_030,5,1642
1643,1_8_031,1_8_031,5,1643
1644,1_8_032,1_8_032,5,1644
1645,2_0_001,2_0_001,5,1645
1646,2_0_002,2_0_002,5,1646
1647,2_0_003,2_0_003,5,1647
1648,2_0_004,2_0_004,5,1648
1649,2_0_005,2_0_005,5,1649
1650,2_0_006,2_0_006,5,1650
1651,2_0_007,2_0_007,5,1651
1652,2_0_008,2_0_008,5,1652
1653,2_0_009,2_0_009,5,1653
1654,2_0_010,2_0_010,5,1654
1655,2_0_011,2_0_011,5,1655
1656,2_0_012,2_0_012,5,1656
1657,2_0_013,2_0_013,5,1657
1658,2_0_014,2_0_014,5,1658
1659,2_0_015,2_0_015,5,1659
1660,2_0_016,2_0_016,5,1660
1661,2_0_017,2_0_017,5,1661
1662,2_0_018,2_0_018,5,1662
1663,2_0_019,2_0_019,5,1663
1664,2_0_020,2_0_020,5,1664
1665,2_0_021,2_0_021,5,1665
1666,2_0_022,2_0_022,5,1666
1667,2_0_023,2_0_023,5,1667
1668,2_0_024,2_0_024,5,1668
1669,2_0_025,2_0_025,5,1669
1670,2_0_026,2_0_026,5,1670
1671,2_0_027,2_0_027,5,1671
1672,2_0_028,2_0_028,5,1672
1673,2_0_029,2_0_029,5,1673
1674,2_0_030,2_0_030,5,1674
1675,2_0_031,2_0_031,5,1675
1676,2_0_032,2_0_032,5,1676
1677,2_0_033,2_0_033,5,1677
1678,2_0_034,2_0_034,5,1678
1679,2_0_035,2_0_035,5,1679
1680,2_0_036,2_0_036,5,1680
1681,2_0_037,2_0_037,5,1681
1682,2_0_038,2_0_038,5,1682
1683,2_0_039,2_0_039,5,1683
1684,2_0_040,2_0_040,5,1684
1685,2_0_041,2_0_041,5,1685
1686,2_0_042,2_0_042,5,1686
1687,2_0_043,2_0_043,5,1687
1688,2_0_044,2_0_044,5,1688
1689,2_0_045,2_0_045,5,1689
1690,2_0_046,2_0_046,5,1690
1691,2_0_047,2_0_047,5,1691
1692,2_0_048,2_0_048,5,1692
1693,2_0_049,2_0_049,5,1693
1694,2_0_050,2_0_050,5,1694
1695,2_0_051,2_0_051,5,1695
1696,2_0_052,2_0_052,5,1696
1697,2_0_053,2_0_053,5,1697
1698,2_0_054,2_0_054,5,1698
1699,2_0_055,2_0_055,5,1699
1700,2_0_056,2_0_056,5,1700
1701,2_0_057,2_0_057,5,1701
1702,2_0_058,2_0_058,5,1702
1703,2_0_059,2_0_059,5,1703
1704,2_0_060,2_0_060,5,1704
1705,2_0_061,2_0_061,5,1705
1706,2_0_062,2_0_062,5,1706
1707,2_0_063,2_0_063,5,1707
1708,2_0_064,2_0_064,5,1708
1709,2_0_065,2_0_065,5,1709
1710,2_0_066,2_0_066,5,1710
1711,2_0_067,2_0_067,5,1711
1712,2_0_068,2_0_068,5,1712
1713,2_0_069,2_0_069,5,1713
1714,2_0_070,2_0_070,5,1714
1715,2_0_071,2_0_071,5,1715
1716,2_8_001,2_8_001,5,1716
1717,2_8_002,2_8_002,5,1717
1718,2_8_003,2_8_003,5,1718
1719,2_8_004,2_8_004,5,1719
1720,2_8_005,2_8_005,5,1720
1721,2_8_006,2_8_006,5,1721
1722,2_8_007,2_8_007,5,1722
1723,2_8_008,2_8_008,5,1723
1724,2_8_009,2_8_009,5,1724
1725,2_8_010,2_8_010,5,1725
1726,2_8_011,2_8_011,5,1726
1727,2_8_012,2_8_012,5,1727
1728,2_8_013,2_8_013,5,1728
1729,2_8_014,2_8_014,5,1729
1730,2_8_015,2_8_015,5,1730
1731,2_8_016,2_8_016,5,1731
1732,2_8_017,2_8_017,5,1732
1733,2_8_018,2_8_018,5,1733
1734,3_0_001,3_0_001,5,1734
1735,3_0_002,3_0_002,5,1735
1736,3_0_003,3_0_003,5,1736
1737,3_0_004,3_0_004,5,1737
1738,3_0_005,3_0_005,5,1738
1739,3_0_006,3_0_006,5,1739
1740,3_0_007,3_0_007,5,1740
1741,3_0_008,3_0_008,5,1741
1742,3_0_009,3_0_009,5,1742
1743,3_0_010,3_0_010,5,1743
1744,3_0_011,3_0_011,5,1744
1745,3_0_012,3_0_012,5,1745
1746,3_0_013,3_0_013,5,1746
1747,3_0_014,3_0_014,5,1747
1748,3_0_015,3_0_015,5,1748
1749,3_0_016,3_0_016,5,1749
1750,3_0_017,3_0_017,5,1750
1751,3_0_018,3_0_018,5,1751
1752,3_0_019,3_0_019,5,1752
1753,3_0_020,3_0_020,5,1753
1754,3_0_021,3_0_021,5,1754
1755,3_0_022,3_0_022,5,1755
1756,3_0_023,3_0_023,5,1756
1757,3_0_024,3_0_024,5,1757
1758,3_0_025,3_0_025,5,1758
1759,3_0_026,3_0_026,5,1759
1760,3_0_027,3_0_027,5,1760
1761,3_0_028,3_0_028,5,1761
1762,3_0_029,3_0_029,5,1762
1763,3_0_030,3_0_030,5,1763
1764,3_0_031,3_0_031,5,1764
1765,3_0_032,3_0_032,5,1765
1766,3_0_033,3_0_033,5,1766
1767,3_0_034,3_0_034,5,1767
1768,3_0_035,3_0_035,5,1768
1769,3_0_036,3_0_036,5,1769
1770,3_0_037,3_0_037,5,1770
1771,3_0_038,3_0_038,5,1771
1772,3_0_039,3_0_039,5,1772
1773,3_0_040,3_0_040,5,1773
1774,3_0_041,3_0_041,5,1774
1775,3_0_042,3_0_042,5,1775
1776,3_0_043,3_0_043,5,1776
1777,3_0_044,3_0_044,5,1777
1778,3_0_045,3_0_045,5,1778
1779,3_0_046,3_0_046,5,1779
1780,3_0_047,3_0_047,5,1780
1781,3_0_048,3_0_048,5,1781
1782,3_0_049,3_0_049,5,1782
1783,3_0_050,3_0_050,5,1783
1784,3_0_051,3_0_051,5,1784
1785,3_0_052,3_0_052,5,1785
1786,3_0_053,3_0_053,5,1786
1787,3_0_054,3_0_054,5,1787
1788,3_0_055,3_0_055,5,1788
1789,3_0_056,3_0_056,5,1789
1790,3_0_057,3_0_057,5,1790
1791,3_0_058,3_0_058,5,1791
1792,3_0_059,3_0_059,5,1792
1793,3_0_060,3_0_060,5,1793
1794,3_0_061,3_0_061,5,1794
1795,3_0_062,3_0_062,5,1795
1796,3_0_063,3_0_063,5,1796
1797,3_0_064,3_0_064,5,1797
1798,3_0_065,3_0_065,5,1798
1799,3_0_066,3_0_066,5,1799
1800,3_0_067,3_0_067,5,1800
1801,3_0_068,3_0_068,5,1801
1802,3_0_069,3_0_069,5,1802
1803,3_0_070,3_0_070,5,1803
1804,3_0_071,3_0_071,5,1804
1805,3_0_072,3_0_072,5,1805
1806,3_0_073,3_0_073,5,1806
1807,3_0_074,3_0_074,5,1807
1808,3_0_075,3_0_075,5,1808
1809,3_0_076,3_0_076,5,1809
1810,3_0_077,3_0_077,5,1810
1811,3_0_078,3_0_078,5,1811
1812,3_0_079,3_0_079,5,1812
1813,3_0_080,3_0_080,5,1813
1814,3_8_001,3_8_001,5,1814
1815,3_8_002,3_8_002,5,1815
1816,3_8_003,3_8_003,5,1816
1817,3_8_004,3_8_004,5,1817
1818,3_8_005,3_8_005,5,1818
1819,3_8_006,3_8_006,5,1819
1820,3_8_007,3_8_007,5,1820
1821,3_8_008,3_8_008,5,1821
1822,3_8_009,3_8_009,5,1822
1823,3_8_010,3_8_010,5,1823
1824,3_8_011,3_8_011,5,1824
1825,3_8_012,3_8_012,5,1825
1826,3_8_013,3_8_013,5,1826
1827,3_8_014,3_8_014,5,1827
1828,3_8_015,3_8_015,5,1828
1829,4_0_001,4_0_001,5,1829
1830,4_0_002,4_0_002,5,1830
1831,4_0_003,4_0_003,5,1831
1832,4_0_004,4_0_004,5,1832
1833,4_0_005,4_0_005,5,1833
1834,4_0_006,4_0_006,5,1834
1835,4_0_007,4_0_007,5,1835
1836,4_0_008,4_0_008,5,1836
1837,4_0_009,4_0_009,5,1837
1838,4_0_010,4_0_010,5,1838
1839,4_0_011,4_0_011,5,1839
1840,4_0_012,4_0_012,5,1840
1841,4_0_013,4_0_013,5,1841
1842,4_0_014,4_0_014,5,1842
1843,4_0_015,4_0_015,5,1843
1844,4_0_016,4_0_016,5,1844
1845,4_0_017,4_0_017,5,1845
1846,4_0_018,4_0_018,5,1846
1847,4_0_019,4_0_019,5,1847
1848,4_0_020,4_0_020,5,1848
1849,4_0_021,4_0_021,5,1849
1850,4_0_022,4_0_022,5,1850
1851,4_0_023,4_0_023,5,1851
1852,4_0_024,4_0_024,5,1852
1853,4_0_025,4_0_025,5,1853
1854,4_0_026,4_0_026,5,1854
1855,4_0_027,4_0_027,5,1855
1856,4_0_028,4_0_028,5,1856
1857,4_0_029,4_0_029,5,1857
1858,4_0_030,4_0_030,5,1858
1859,4_0_031,4_0_031,5,1859
1860,4_0_032,4_0_032,5,1860
1861,4_0_033,4_0_033,5,1861
1862,4_0_034,4_0_034,5,1862
1863,4_0_035,4_0_035,5,1863
1864,4_0_036,4_0_036,5,1864
1865,4_0_037,4_0_037,5,1865
1866,4_0_038,4_0_038,5,1866
1867,4_0_039,4_0_039,5,1867
1868,4_0_040,4_0_040,5,1868
1869,4_0_041,4_0_041,5,1869
1870,4_0_042,4_0_042,5,1870
1871,4_0_043,4_0_043,5,1871
1872,4_0_044,4_0_044,5,1872
1873,4_0_045,4_0_045,5,1873
1874,4_8_001,4_8_001,5,1874
1875,4_8_002,4_8_002,5,1875
1876,4_8_003,4_8_003,5,1876
1877,4_8_004,4_8_004,5,1877
1878,4_8_005,4_8_005,5,1878
1879,4_8_006,4_8_006,5,1879
1880,4_8_007,4_8_007,5,1880
1881,4_8_008,4_8_008,5,1881
1882,4_8_009,4_8_009,5,1882
1883,4_8_010,4_8_010,5,1883
1884,4_8_011,4_8_011,5,1884
1885,4_8_012,4_8_012,5,1885
1886,4_8_013,4_8_013,5,1886
1887,4_8_014,4_8_014,5,1887
1888,4_8_015,4_8_015,5,1888
1889,4_8_016,4_8_016,5,1889
1890,4_8_017,4_8_017,5,1890
1891,4_8_018,4_8_018,5,1891
1892,4_8_019,4_8_019,5,1892
1893,5_0_001,5_0_001,5,1893
1894,5_0_002,5_0_002,5,1894
1895,5_0_003,5_0_003,5,1895
1896,5_0_004,5_0_004,5,1896
1897,5_0_005,5_0_005,5,1897
1898,5_0_006,5_0_006,5,1898
1899,5_0_007,5_0_007,5,1899
1900,5_0_008,5_0_008,5,1900
1901,5_0_009,5_0_009,5,1901
1902,5_0_010,5_0_010,5,1902
1903,5_0_011,5_0_011,5,1903
1904,5_0_012,5_0_012,5,1904
1905,5_0_013,5_0_013,5,1905
1906,5_0_014,5_0_014,5,1906
1907,5_0_015,5_0_015,5,1907
1908,5_0_016,5_0_016,5,1908
1909,5_0_017,5_0_017,5,1909
1910,5_0_018,5_0_018,5,1910
1911,5_0_019,5_0_019,5,1911
1912,5_0_020,5_0_020,5,1912
1913,5_0_021,5_0_021,5,1913
1914,5_0_022,5_0_022,5,1914
1915,5_0_023,5_0_023,5,1915
1916,5_0_024,5_0_024,5,1916
1917,5_0_025,5_0_025,5,1917
1918,5_0_026,5_0_026,5,1918
1919,5_0_027,5_0_027,5,1919
1920,5_0_028,5_0_028,5,1920
1921,5_0_029,5_0_029,5,1921
1922,5_0_030,5_0_030,5,1922
1923,5_0_031,5_0_031,5,1923
1924,5_0_032,5_0_032,5,1924
1925,5_0_033,5_0_033,5,1925
1926,5_0_034,5_0_034,5,1926
1927,5_0_035,5_0_035,5,1927
1928,5_0_036,5_0_036,5,1928
1929,5_0_037,5_0_037,5,1929
1930,5_0_038,5_0_038,5,1930
1931,5_0_039,5_0_039,5,1931
1932,5_0_040,5_0_040,5,1932
1933,5_0_041,5_0_041,5,1933
1934,5_0_042,5_0_042,5,1934
1935,5_0_043,5_0_043,5,1935
1936,5_0_044,5_0_044,5,1936
1937,5_0_045,5_0_045,5,1937
1938,5_0_046,5_0_046,5,1938
1939,5_0_047,5_0_047,5,1939
1940,5_0_048,5_0_048,5,1940
1941,5_0_049,5_0_049,5,1941
1942,5_0_050,5_0_050,5,1942
1943,5_0_051,5_0_051,5,1943
1944,5_0_052,5_0_052,5,1944
1945,5_0_053,5_0_053,5,1945
1946,5_0_054,5_0_054,5,1946
1947,5_0_055,5_0_055,5,1947
1948,5_0_056,5_0_056,5,1948
1949,5_0_057,5_0_057,5,1949
1950,5_0_058,5_0_058,5,1950
1951,5_0_059,5_0_059,5,1951
1952,5_0_060,5_0_060,5,1952
1953,5_8_001,5_8_001,5,1953
1954,5_8_002,5_8_002,5,1954
1955,5_8_003,5_8_003,5,1955
1956,5_8_004,5_8_004,5,1956
1957,5_8_005,5_8_005,5,1957
1958,5_8_006,5_8_006,5,1958
1959,5_8_007,5_8_007,5,1959
1960,5_8_008,5_8_008,5,1960
1961,5_8_009,5_8_009,5,1961
1962,5_8_010,5_8_010,5,1962
1963,5_8_011,5_8_011,5,1963
1964,5_8_012,5_8_012,5,1964
1965,5_8_013,5_8_013,5,1965
1966,5_8_014,5_8_014,5,1966
1967,5_8_015,5_8_015,5,1967
1968,5_8_016,5_8_016,5,1968
1969,5_8_017,5_8_017,5,1969
1970,5_8_018,5_8_018,5,1970
1971,6_0_001,6_0_001,5,1971
1972,6_0_002,6_0_002,5,1972
1973,6_0_003,6_0_003,5,1973
1974,6_0_004,6_0_004,5,1974
1975,6_0_005,6_0_005,5,1975
1976,6_0_006,6_0_006,5,1976
1977,6_0_007,6_0_007,5,1977
1978,6_0_008,6_0_008,5,1978
1979,6_0_009,6_0_009,5,1979
1980,6_0_010,6_0_010,5,1980
1981,6_0_011,6_0_011,5,1981
1982,6_0_012,6_0_012,5,1982
1983,6_0_013,6_0_013,5,1983
1984,6_0_014,6_0_014,5,1984
1985,6_0_015,6_0_015,5,1985
1986,6_0_016,6_0_016,5,1986
1987,6_0_017,6_0_017,5,1987
1988,6_0_018,6_0_018,5,1988
1989,6_0_019,6_0_019,5,1989
1990,6_0_020,6_0_020,5,1990
1991,6_0_021,6_0_021,5,1991
1992,6_0_022,6_0_022,5,1992
1993,6_0_023,6_0_023,5,1993
1994,6_0_024,6_0_024,5,1994
1995,6_0_025,6_0_025,5,1995
1996,6_0_026,6_0_026,5,1996
1997,6_0_027,6_0_027,5,1997
1998,6_0_028,6_0_028,5,1998
1999,6_0_029,6_0_029,5,1999
2000,6_0_030,6_0_030,5,2000
2001,6_0_031,6_0_031,5,2001
2002,6_0_032,6_0_032,5,2002
2003,6_0_033,6_0_033,5,2003
2004,6_0_034,6_0_034,5,2004
2005,6_0_035,6_0_035,5,2005
2006,6_0_036,6_0_036,5,2006
2007,6_0_037,6_0_037,5,2007
2008,6_0_038,6_0_038,5,2008
2009,6_0_039,6_0_039,5,2009
2010,6_0_040,6_0_040,5,2010
2011,6_0_041,6_0_041,5,2011
2012,6_0_042,6_0_042,5,2012
2013,6_0_043,6_0_043,5,2013
2014,6_0_044,6_0_044,5,2014
2015,6_0_045,6_0_045,5,2015
2016,6_0_046,6_0_046,5,2016
2017,6_0_047,6_0_047,5,2017
2018,6_0_048,6_0_048,5,2018
2019,6_0_049,6_0_049,5,2019
2020,6_0_050,6_0_050,5,2020
2021,6_8_001,6_8_001,5,2021
2022,6_8_002,6_8_002,5,2022
2023,6_8_003,6_8_003,5,2023
2024,6_8_004,6_8_004,5,2024
2025,6_8_005,6_8_005,5,2025
2026,6_8_006,6_8_006,5,2026
2027,6_8_007,6_8_007,5,2027
2028,6_8_008,6_8_008,5,2028
2029,6_8_009,6_8_009,5,2029
2030,6_8_010,6_8_010,5,2030
2031,6_8_011,6_8_011,5,2031
2032,6_8_012,6_8_012,5,2032
2033,6_8_013,6_8_013,5,2033
2034,6_8_014,6_8_014,5,2034
2035,6_8_015,6_8_015,5,2035
2036,6_8_016,6_8_016,5,2036
2037,6_8_017,6_8_017,5,2037
2038,6_8_018,6_8_018,5,2038
2039,6_8_019,6_8_019,5,2039
2040,6_8_020,6_8_020,5,2040
2041,6_8_021,6_8_021,5,2041
2042,6_8_022,6_8_022,5,2042
2043,6_8_023,6_8_023,5,2043
2044,6_8_024,6_8_024,5,2044
2045,6_8_025,6_8_025,5,2045
2046,6_8_026,6_8_026,5,2046
2047,6_8_027,6_8_027,5,2047
2048,1_5_001,1_5_001,6,2048
2049,1_5_002,1_5_002,6,2049
2050,1_5_003,1_5_003,6,2050
2051,1_5_004,1_5_004,6,2051
2052,1_5_005,1_5_005,6,2052
2053,1_5_006,1_5_006,6,2053
2054,1_5_007,1_5_007,6,2054
2055,1_5_008,1_5_008,6,2055
2056,1_5_009,1_5_009,6,2056
2057,1_5_010,1_5_010,6,2057
2058,1_5_011,1_5_011,6,2058
2059,1_5_012,1_5_012,6,2059
2060,1_5_013,1_5_013,6,2060
2061,1_5_014,1_5_014,6,2061
2062,1_5_015,1_5_015,6,2062
2063,1_5_016,1_5_016,6,2063
2064,1_5_017,1_5_017,6,2064
2065,1_5_018,1_5_018,6,2065
2066,1_5_019,1_5_019,6,2066
2067,1_5_020,1_5_020,6,2067
2068,1_5_021,1_5_021,6,2068
2069,1_5_022,1_5_022,6,2069
2070,1_5_023,1_5_023,6,2070
2071,1_5_024,1_5_024,6,2071
2072,1_5_025,1_5_025,6,2072
2073,1_5_026,1_5_026,6,2073
2074,1_5_027,1_5_027,6,2074
2075,1_5_028,1_5_028,6,2075
2076,1_5_029,1_5_029,6,2076
2077,1_5_030,1_5_030,6,2077
2078,1_5_031(1),1_5_031(1),6,2078
2079,1_5_031,1_5_031,6,2079
2080,1_5_032(1),1_5_032(1),6,2080
2081,1_5_032,1_5_032,6,2081
2082,1_5_033(1),1_5_033(1),6,2082
2083,1_5_033,1_5_033,6,2083
2084,1_5_034(1),1_5_034(1),6,2084
2085,1_5_034,1_5_034,6,2085
2086,1_5_035(1),1_5_035(1),6,2086
2087,1_5_035,1_5_035,6,2087
2088,2_5_001(1),2_5_001(1),6,2088
2089,2_5_001,2_5_001,6,2089
2090,2_5_002(1),2_5_002(1),6,2090
2091,2_5_002,2_5_002,6,2091
2092,2_5_003(1),2_5_003(1),6,2092
2093,2_5_003,2_5_003,6,2093
2094,2_5_004,2_5_004,6,2094
2095,2_5_005,2_5_005,6,2095
2096,2_5_006,2_5_006,6,2096
2097,2_5_007,2_5_007,6,2097
2098,2_5_008,2_5_008,6,2098
2099,2_5_009,2_5_009,6,2099
2100,2_5_010,2_5_010,6,2100
2101,3_5_001,3_5_001,6,2101
2102,3_5_002,3_5_002,6,2102
2103,3_5_003,3_5_003,6,2103
2104,3_5_004,3_5_004,6,2104
2105,3_5_005,3_5_005,6,2105
2106,3_5_006,3_5_006,6,2106
2107,3_5_007,3_5_007,6,2107
2108,3_5_008,3_5_008,6,2108
2109,3_5_009,3_5_009,6,2109
2110,3_5_010,3_5_010,6,2110
2111,3_5_011,3_5_011,6,2111
2112,3_5_012,3_5_012,6,2112
2113,3_5_013,3_5_013,6,2113
2114,3_5_014,3_5_014,6,2114
2115,3_5_015,3_5_015,6,2115
2116,3_5_016,3_5_016,6,2116
2117,3_5_017,3_5_017,6,2117
2118,3_5_018,3_5_018,6,2118
2119,3_5_019,3_5_019,6,2119
2120,3_5_020,3_5_020,6,2120
2121,3_5_021,3_5_021,6,2121
2122,3_5_022,3_5_022,6,2122
2123,3_5_023,3_5_023,6,2123
2124,3_5_024,3_5_024,6,2124
2125,3_5_025,3_5_025,6,2125
2126,3_5_026,3_5_026,6,2126
2127,4_5_001,4_5_001,6,2127
2128,4_5_002,4_5_002,6,2128
2129,4_5_003,4_5_003,6,2129
2130,4_5_004,4_5_004,6,2130
2131,4_5_005,4_5_005,6,2131
2132,4_5_006,4_5_006,6,2132
2133,4_5_007,4_5_007,6,2133
2134,4_5_008,4_5_008,6,2134
2135,4_5_009,4_5_009,6,2135
2136,4_5_010,4_5_010,6,2136
2137,4_5_011,4_5_011,6,2137
2138,4_5_012,4_5_012,6,2138
2139,4_5_013,4_5_013,6,2139
2140,4_5_014,4_5_014,6,2140
2141,4_5_015,4_5_015,6,2141
2142,4_5_016,4_5_016,6,2142
2143,4_5_017,4_5_017,6,2143
2144,4_5_018,4_5_018,6,2144
2145,4_5_019,4_5_019,6,2145
2146,4_5_020,4_5_020,6,2146
2147,4_5_021,4_5_021,6,2147
2148,4_5_022,4_5_022,6,2148
2149,4_5_023,4_5_023,6,2149
2150,4_5_024,4_5_024,6,2150
2151,4_5_025,4_5_025,6,2151
2152,4_5_026,4_5_026,6,2152
2153,4_5_027,4_5_027,6,2153
2154,4_5_028,4_5_028,6,2154
2155,4_5_029,4_5_029,6,2155
2156,4_5_030,4_5_030,6,2156
2157,4_5_031,4_5_031,6,2157
2158,4_5_032,4_5_032,6,2158
2159,4_5_033,4_5_033,6,2159
2160,4_5_034,4_5_034,6,2160
2161,4_5_035,4_5_035,6,2161
2162,4_5_036,4_5_036,6,2162
2163,4_5_037,4_5_037,6,2163
2164,4_5_038,4_5_038,6,2164
2165,4_5_039,4_5_039,6,2165
2166,4_5_040,4_5_040,6,2166
2167,4_5_041,4_5_041,6,2167
2168,4_5_042,4_5_042,6,2168
2169,4_5_043,4_5_043,6,2169
2170,4_5_044,4_5_044,6,2170
2171,4_5_045,4_5_045,6,2171
2172,4_5_046,4_5_046,6,2172
2173,4_5_047,4_5_047,6,2173
2174,5_5_001,5_5_001,6,2174
2175,5_5_002,5_5_002,6,2175
2176,5_5_003,5_5_003,6,2176
2177,5_5_004,5_5_004,6,2177
2178,5_5_005,5_5_005,6,2178
2179,5_5_006,5_5_006,6,2179
2180,5_5_007,5_5_007,6,2180
2181,5_5_008,5_5_008,6,2181
2182,5_5_009,5_5_009,6,2182
2183,5_5_010,5_5_010,6,2183
2184,5_5_011,5_5_011,6,2184
2185,5_5_012,5_5_012,6,2185
2186,5_5_013,5_5_013,6,2186
2187,5_5_014,5_5_014,6,2187
2188,5_5_015,5_5_015,6,2188
2189,5_5_016,5_5_016,6,2189
2190,5_5_017,5_5_017,6,2190
2191,5_5_018,5_5_018,6,2191
2192,5_5_019,5_5_019,6,2192
